{"cameraMode":{"drawMode":0,"name":"Shaded","section":"Shading Mode"},"sceneLighting":false,"audioPlay":false,"sceneViewState":{"showFog":true,"showMaterialUpdate":false,"showSkybox":false,"showFlares":true,"showImageEffects":true,"showParticleSystems":true},"in2DMode":false,"pivot":{"x":0.00889258086681366,"y":0.616098165512085,"z":-0.21280860900878907},"rotation":{"x":0.047942258417606357,"y":-0.0404423363506794,"z":0.001942711416631937,"w":0.9980296492576599},"size":1.4418165683746338,"orthographic":false}