{"cameraMode":{"drawMode":0,"name":"Shaded","section":"Shading Mode"},"sceneLighting":false,"audioPlay":false,"sceneViewState":{"showFog":true,"showMaterialUpdate":false,"showSkybox":false,"showFlares":true,"showImageEffects":true,"showParticleSystems":true},"in2DMode":false,"pivot":{"x":4.955986976623535,"y":0.8546706438064575,"z":-2.726487398147583},"rotation":{"x":0.1419721245765686,"y":0.02523881010711193,"z":-0.0036211551632732155,"w":0.989543616771698},"size":14.581330299377442,"orthographic":false}