{"cameraMode":{"drawMode":0,"name":"Shaded","section":"Shading Mode"},"sceneLighting":true,"audioPlay":false,"sceneViewState":{"showFog":true,"showMaterialUpdate":false,"showSkybox":true,"showFlares":true,"showImageEffects":true,"showParticleSystems":true},"in2DMode":false,"pivot":{"x":10.043476104736329,"y":12.1019868850708,"z":-20.61790657043457},"rotation":{"x":-0.10178069770336151,"y":0.8890005350112915,"z":-0.24060046672821046,"w":-0.376071959733963},"size":-2.8820343017578127,"orthographic":false}