{"cameraMode":{"drawMode":0,"name":"Shaded","section":"Shading Mode"},"sceneLighting":true,"audioPlay":false,"sceneViewState":{"showFog":true,"showMaterialUpdate":false,"showSkybox":true,"showFlares":true,"showImageEffects":true,"showParticleSystems":true},"in2DMode":false,"pivot":{"x":-5.818232536315918,"y":-5.388235092163086,"z":4.7262420654296879},"rotation":{"x":-0.107697494328022,"y":0.0854872539639473,"z":-0.009295365773141384,"w":-0.9904592037200928},"size":53.5791130065918,"orthographic":false}