{"cameraMode":{"drawMode":0,"name":"Shaded","section":"Shading Mode"},"sceneLighting":true,"audioPlay":false,"sceneViewState":{"showFog":true,"showMaterialUpdate":false,"showSkybox":true,"showFlares":true,"showImageEffects":true,"showParticleSystems":true},"in2DMode":false,"pivot":{"x":-2.8127832412719728,"y":-2.749384880065918,"z":-23.0205135345459},"rotation":{"x":0.21854782104492188,"y":-0.19604972004890443,"z":0.044870879501104358,"w":0.9548759460449219},"size":25.606754302978517,"orthographic":false}