{"cameraMode":{"drawMode":0,"name":"Shaded","section":"Shading Mode"},"sceneLighting":true,"audioPlay":false,"sceneViewState":{"showFog":true,"showMaterialUpdate":false,"showSkybox":true,"showFlares":true,"showImageEffects":true,"showParticleSystems":true},"in2DMode":false,"pivot":{"x":-9.554230690002442,"y":10.594503402709961,"z":121.53466796875},"rotation":{"x":-0.24400392174720765,"y":-0.17714674770832063,"z":0.04538581892848015,"w":-0.952379584312439},"size":326.1889343261719,"orthographic":false}