{"cameraMode":{"drawMode":0,"name":"Shaded","section":"Shading Mode"},"sceneLighting":true,"audioPlay":false,"sceneViewState":{"showFog":true,"showMaterialUpdate":false,"showSkybox":true,"showFlares":true,"showImageEffects":true,"showParticleSystems":true},"in2DMode":false,"pivot":{"x":2.92861008644104,"y":5.58267879486084,"z":2.925919532775879},"rotation":{"x":-0.0036019436083734037,"y":-0.001500007463619113,"z":-0.000005400986992754042,"w":0.9999925494194031},"size":13.160916328430176,"orthographic":true}