{"cameraMode":{"drawMode":0,"name":"Shaded","section":"Shading Mode"},"sceneLighting":true,"audioPlay":false,"sceneViewState":{"showFog":true,"showMaterialUpdate":false,"showSkybox":true,"showFlares":true,"showImageEffects":true,"showParticleSystems":true},"in2DMode":false,"pivot":{"x":-0.21140670776367188,"y":3.942564010620117,"z":1.7608718872070313},"rotation":{"x":0.0008982965373434126,"y":0.004500436596572399,"z":-0.00001627320125408005,"w":1.000012993812561},"size":7.301003932952881,"orthographic":true}