{"cameraMode":{"drawMode":0,"name":"Shaded","section":"Shading Mode"},"sceneLighting":true,"audioPlay":false,"sceneViewState":{"showFog":true,"showMaterialUpdate":false,"showSkybox":true,"showFlares":true,"showImageEffects":true,"showParticleSystems":true},"in2DMode":false,"pivot":{"x":-0.21140670776367188,"y":3.942564010620117,"z":1.7608718872070313},"rotation":{"x":0.01889752969145775,"y":-0.001498933183029294,"z":0.000016859141396707855,"w":0.9998407363891602},"size":3.3219504356384279,"orthographic":true}