{"cameraMode":{"drawMode":0,"name":"Shaded","section":"Shading Mode"},"sceneLighting":true,"audioPlay":false,"sceneViewState":{"showFog":true,"showMaterialUpdate":false,"showSkybox":true,"showFlares":true,"showImageEffects":true,"showParticleSystems":true},"in2DMode":false,"pivot":{"x":1.7109065055847169,"y":3.5736122131347658,"z":54.810791015625},"rotation":{"x":-0.04033341631293297,"y":0.08772562444210053,"z":-0.0035563514102250339,"w":-0.9953499436378479},"size":-1.548689603805542,"orthographic":false}