{"cameraMode":{"drawMode":0,"name":"Shaded","section":"Shading Mode"},"sceneLighting":true,"audioPlay":false,"sceneViewState":{"showFog":true,"showMaterialUpdate":false,"showSkybox":true,"showFlares":true,"showImageEffects":true,"showParticleSystems":true},"in2DMode":false,"pivot":{"x":-12.959715843200684,"y":-8.59112548828125,"z":35.78238296508789},"rotation":{"x":-0.429261714220047,"y":0.22401739656925202,"z":-0.11079679429531098,"w":-0.8679140210151672},"size":57.33098602294922,"orthographic":false}